Title,Book Rating,imdbRating
The Godfather,8.72,9.200000000000001
THINK and GROW RICH: The Legacy,8.340000000000002,9.1
Pride and Prejudice,8.480000000000002,8.900000000000002
Schindler's List,8.68,8.9
Fight Club,8.4,8.8
One Flew Over the Cuckoo's Nest,8.36,8.700000000000001
The Adventures of Sherlock Holmes,8.6,8.7
The Tale of Peter Rabbit,8.34,8.7
The Silence of the Lambs,8.28,8.6
Apocalipsis,8.68,8.6
The Handmaid's Tale,8.14,8.6
Ways of Seeing,7.5,8.6
John Adams,8.1,8.6
The Green Mile,8.84,8.5
The Shining,8.36,8.4
Anne of Green Gables,8.46,8.4
National Theatre Live: The Curious Incident of the Dog in the Night-Time,7.7,8.4
To Kill a Mockingbird,8.52,8.3
King Lear,7.8,8.3
Secret Garden,8.24,8.3
Sharp Objects,7.84,8.3
A Clockwork Orange,7.959999999999999,8.3
2001: A Space Odyssey,7.46,8.3
Anne of Avonlea,8.42,8.299999999999999
Jonathan Strange & Mr Norrell,7.6,8.2
Gone with the Wind,8.56,8.2
V for Vendetta,8.5,8.2
A Beautiful Mind,8.24,8.2
Trainspotting,8.16,8.2
The Grapes of Wrath,7.860000000000001,8.1
Big Fish in Middlesex,7.96,8.1
Twelfth Night,7.94,8.1
Shutter Island,8.16,8.1
Into the Wild,7.9,8.1
Outsider,7.92,8.1
No Country for Old Men,8.26,8.1
The Pillars of the Earth,8.58,8.1
The Adventures of Robinson Crusoe,7.32,8.1
A Tree Grows in Brooklyn,8.48,8.1
The Princess Bride,8.5,8.1
Jurassic Park,7.94,8.1
Rebecca,8.42,8.1
American Gods,8.22,8.1
The Man in the High Castle,7.32,8.1
The God Delusion Debate,7.78,8.0
In Cold Blood,8.1,8.0
Los Angeles Plays Itself,7.72,8.0
Business As Usual - Der Prophet fliegt mit,8.46,8.0
Marley,8.24,8.0
Le nom de la rose,8.22,8.0
And Then There Were None,8.46,8.0
A Streetcar Named Desire,7.94,8.0
The Thorn Birds,8.44,8.0
The Perks of Being a Wallflower,8.42,8.0
East of Eden,8.7,8.0
Naked,8.16,7.9
The Art of War by Sun Tzu,7.9,7.9
Der kleine Prinz,8.56,7.9
The Notebook,8.14,7.9
Frankenstein,7.5,7.9
Life of Pi,7.76,7.9
La dernière leçon du parrain,8.14,7.9
The Color Purple,8.34,7.8
The Wind in the Willows,7.96,7.8
The Wedding,7.96,7.8
David Copperfield,7.92,7.8
The Trial,7.96,7.8
Misery,8.22,7.8
The Name of the Rose,8.22,7.8
The Karamazov Brothers,8.62,7.8
Atonement,7.76,7.8
The Good Earth,7.94,7.8
The Little Prince,8.56,7.8
Hamlet,8.0,7.799999999999999
The Count of Monte Cristo,8.44,7.799999999999998
A Tale of Two Cities,7.620000000000002,7.799999999999998
Wuthering Heights,7.64,7.700000000000001
Esfera,7.54,7.7
Coraline,8.06,7.7
Watership Down,8.12,7.7
Waiting for Godot,7.62,7.7
A Little Princess,8.38,7.7
Fear and Loathing in Las Vegas,8.16,7.7
Breakfast at Tiffany's,7.78,7.7
Stardust,8.16,7.7
Middlemarch,7.860000000000001,7.7
Sense and Sensibility,8.12,7.7
Dracula,7.96,7.6000000000000005
The Hound of the Baskervilles,8.18,7.6000000000000005
The Picture of Dorian Gray,8.120000000000001,7.6
Harry Potter and the Sorcerer's Stone,8.88,7.6
House of Sand and Fog,7.66,7.6
The Reader,7.46,7.6
Lolita,7.76,7.6
The Pearl,6.82,7.6
The Namesake,7.92,7.6
The Book Thief,8.72,7.6
The Kite Runner,8.52,7.6
The Joy Luck Club,7.8,7.6
The Hours,7.82,7.6
Persuasion,8.26,7.6
1776,8.12,7.6
Art of War,7.9,7.6
American Psycho,7.62,7.6
The Master and Margarita,8.64,7.599999999999999
Nineteen Eighty-Four,8.28,7.599999999999999
Romeo and Juliet,7.48,7.599999999999999
Of Mice and Men,7.68,7.5
Oedipus Rex,7.34,7.5
Perfume: The Story of a Murderer,8.0,7.5
Cloud Atlas,8.02,7.5
Everything Is Illuminated,7.8,7.5
Les heures souterraines,7.82,7.5
High Fidelity,7.88,7.5
Tuesdays with Morrie,8.14,7.5
A Brief History of Time,8.24,7.400000000000001
A Walk to Remember,8.3,7.4
The Stranger,7.92,7.4
The Diary of Anne Frank,8.2,7.4
The Cider House Rules,8.2,7.4
The Unbearable Lightness of Being,8.16,7.4
A Room with a View,7.82,7.4
My Sister's Keeper,8.12,7.4
Dolores Claiborne,7.62,7.4
Don Quijote de la Mancha,7.7,7.4
The Five People You Meet in Heaven,7.8,7.4
Carrie,7.860000000000001,7.4
It,8.38,7.4
Julius Caesar,7.32,7.3999999999999995
Much Ado About Nothing,8.12,7.3999999999999995
Moby Dick,6.9399999999999995,7.3999999999999995
Jane Eyre,8.200000000000001,7.3999999999999995
Memoirs of a Geisha,8.159999999999998,7.3999999999999995
The 7 Habits of Highly Effective People,8.1,7.3
Angela's Ashes,8.16,7.3
Heidi,7.94,7.3
The Secret Life of Bees,8.02,7.3
Death of a Salesman,6.98,7.3
The Road,7.9,7.3
The Red Tent,8.32,7.3
Neverwhere,8.36,7.3
A Journey to the Center of the Earth,7.68,7.3
Nackt unter Wölfen,8.16,7.3
Fahrenheit 451,7.94,7.3
Anthem,7.24,7.3
Le Petit Prince,8.56,7.3
Little Women,8.08,7.299999999999999
The Secret Garden,8.24,7.299999999999999
The Great Gatsby,7.78,7.299999999999999
Crime and Punishment,8.38,7.200000000000001
Angeli e demoni,7.72,7.2
Starship Troopers,7.98,7.2
The Dead Zone,7.8,7.2
The Age of Innocence,7.86,7.2
The Outsiders,8.12,7.2
1984,8.28,7.2
The Things They Carried,8.24,7.2
Animal Farm,7.76,7.2
Never Let Me Go,7.6,7.2
The Corrections,7.56,7.2
Into the Inferno,7.98,7.2
Cold Mountain,7.66,7.2
The War of the Worlds,7.599999999999999,7.2
The Virgin Suicides,7.66,7.2
The World According to Garp,8.14,7.2
White Oleander,7.88,7.2
The Stand,8.68,7.2
Like Water for Chocolate,7.88,7.2
The Andromeda Strain,7.74,7.2
Catch-22,7.96,7.2
Bridge to Terabithia,7.96,7.2
The Glass Castle,8.48,7.2
Insomnia,7.58,7.2
I Know Why the Caged Bird Sings,8.38,7.2
Der Prozeß,7.96,7.1
It's Kind of a Funny Story,8.28,7.1
Romeo,7.48,7.1
The Fountainhead,7.7,7.1
The Rainmaker,7.82,7.1
Into Thin Air,8.22,7.1
P.S. I Love You,8.02,7.1
The Time Traveler's Wife,7.9,7.1
About a Boy,7.580000000000001,7.099999999999999
The Prophet,8.46,7.099999999999999
Invisible Man,7.68,7.0
For Whom the Bell Tolls,7.92,7.0
World Without End,8.46,7.0
Treasure Island,7.639999999999999,7.0
Pippi Longstocking,8.22,7.0
LolLOTR: the Silmarillion,7.760000000000001,7.0
Cloudy with a Chance of Meatballs,8.3,7.0
The Odyssey,7.46,7.0
The Old Man and the Sea,7.46,7.0
The Phantom Tollbooth,8.44,7.0
The Guardian,8.28,6.900000000000001
Slaughterhouse-Five,8.12,6.9
Flowers for Algernon,8.14,6.9
The Devil Wears Prada,7.4,6.9
"The Chronicles of Narnia: The Lion, the Witch and the Wardrobe",8.38,6.9
Girl with a Pearl Earring,7.7,6.9
Matilda,8.58,6.9
Where the Red Fern Grows,8.08,6.9
The House of the Spirits,8.4,6.9
The Importance of Being Earnest,8.34,6.9
Othello,7.759999999999999,6.8999999999999995
Oliver Twist,7.7,6.8999999999999995
The Story of My Life,8.14,6.8
The Shipping News,7.66,6.8
The Hobbit,8.5,6.8
The Crucible,7.1,6.8
She's Come Undone,7.68,6.8
Oedipus the King,7.34,6.8
War and Peace,8.22,6.8
Snow Falling on Cedars,7.599999999999999,6.8
The Witches,8.34,6.8
Where the Heart Is,8.0,6.8
Where the Wild Things Are,8.44,6.8
Great Expectations,7.5,6.799999999999999
A Christmas Carol,8.04,6.799999999999999
Salem's Lot,7.980000000000002,6.799999999999999
The Brothers Karamazov,8.620000000000001,6.799999999999998
Siddhartha,7.980000000000001,6.700000000000002
My Antonia,7.52,6.7
Bridget Jones's Diary,7.5,6.7
The Client,7.94,6.7
The Prince of Tides,8.44,6.7
James and the Giant Peach,7.98,6.7
Stiff,8.1,6.7
Emma,7.980000000000001,6.7
Angels & Demons,7.72,6.7
Ten Little Indians,8.46,6.7
The Memory Keeper's Daughter,7.28,6.7
The Martian Chronicles,8.24,6.7
Christine,7.46,6.7
The Lovely Bones,7.56,6.7
Black Beauty,7.88,6.6000000000000005
Macbeth,7.759999999999999,6.6000000000000005
The Woman in White,7.96,6.6000000000000005
Suzanne's Diary for Nicholas,8.32,6.6000000000000005
Dante's Inferno: An Animated Epic,7.98,6.6
Pet Sematary,7.82,6.6
Eleven Minutes,7.38,6.6
Blindness,8.16,6.6
Midnight in the Garden of Good and Evil,7.8,6.6
Kiss the Girls,7.86,6.6
Anna Karenina,8.039999999999996,6.599999999999999
Night Shift,7.919999999999999,6.5
A Farewell to Arms,7.58,6.5
Veronika Decides to Die,7.38,6.5
Alice in Wonderland,8.06,6.5
A Midsummer Night's Dream,7.880000000000001,6.5
Choke,7.38,6.5
In Her Shoes,7.56,6.5
The Canterbury Tales,6.96,6.5
The Awakening,7.26,6.5
Night at the Museum,8.6,6.400000000000001
Candide,7.52,6.400000000000001
Love in the Time of Cholera,7.78,6.4
The Lorax,8.7,6.4
The BFG,8.44,6.4
The Deep End of the Ocean,7.68,6.4
Die Pest in Florenz,7.94,6.4
Plain Truth,7.94,6.4
The History of Love,7.82,6.4
A Bend in the Road,8.04,6.4
Norwegian Wood,8.04,6.4
A Portrait of the Artist as a Young Man,7.22,6.3999999999999995
Lord of the Flies,7.299999999999998,6.3999999999999995
El hacha diabólica,7.36,6.3
Le portrait de Dorian Gray,8.12,6.3
The Outsider,7.92,6.3
A Walk in the Woods,8.1,6.3
The Sun Also Rises,7.66,6.3
Dear John,8.02,6.3
Charlotte's Web,8.3,6.3
En attendant Godot,7.62,6.3
The Adventures of Huckleberry Finn,7.6,6.299999999999998
From the Mixed-Up Files of Mrs. Basil E. Frankweiler,8.3,6.2
Julie,7.34,6.2
The Nanny Diaries,6.8,6.2
Don Quixote,7.7,6.2
Needful Things,7.74,6.2
Message in a Bottle,7.900000000000001,6.2
Beowulf,6.84,6.2
Cat's Cradle,8.36,6.2
Running with Scissors,7.400000000000001,6.2
The Lord of the Rings,8.94,6.2
Inferno,7.98,6.2
On the Road,7.28,6.1000000000000005
Island of the Blue Dolphins,7.6,6.1
Snow Flower and the Secret Fan,8.1,6.1
Iliad,7.66,6.1
Midwives,7.94,6.1
Vergeef me,8.34,6.1
Cujo,7.3,6.0
The Call of the Wild,7.66,6.0
Firestarter,7.7,6.0
Nights in Rodanthe,7.64,6.0
The Chamber,7.54,6.0
The Tenth Circle,6.96,5.9
Sophie's World,7.76,5.9
The Dark Half,7.48,5.9
The Time Machine,7.74,5.9
Beloved,7.54,5.9
Robinson Crusoe,7.3199999999999985,5.8999999999999995
Mitch Albom's For One More Day,8.18,5.8
Alice's Adventures in Wonderland,8.12,5.8
Bag of Bones,7.74,5.8
Le pacte du silence,8.0,5.8
The Pact,8.0,5.8
Journey to the Center of the Earth,7.68,5.8
The Three Musketeers,8.12,5.8
Heart of Darkness,6.840000000000002,5.799999999999999
Atlas Shrugged: Part I,7.36,5.700000000000001
Thinner,7.34,5.7
Madame Bovary,7.3,5.7
Eat Pray Love,7.02,5.7
A Study in Scarlet,8.3,5.7
The Art of War,7.9,5.7
The Bell Jar,7.96,5.7
The Dark Tower,8.5,5.7
Timeline,7.66,5.6
The Rescue,8.2,5.5
Dreamcatcher,7.18,5.5
A Separate Peace,7.12,5.400000000000001
"Men Are from Mars, Women Are from Venus",7.04,5.4
The Westing Game,8.06,5.4
As I Lay Dying,7.44,5.4
The Tempest,7.6,5.4
Watchers,8.32,5.3
Desperation,7.6,5.3
Brave New World,7.94,5.3
The Very Hungry Caterpillar,8.58,5.3
Promène-toi donc tout nu!,8.16,5.3
The Scarlet Letter,6.74,5.200000000000001
Paradise Lost,7.6000000000000005,5.2
Asfixia,7.38,5.2
Bel Canto,7.84,5.1
Congo,7.12,5.1
Walden,7.58,4.9
Gulliver's Travels,7.1000000000000005,4.8999999999999995
The Sound and the Fury,7.72,4.8
Breakfast of Champions,8.16,4.6
The Plague,7.94,4.5
The Shortest Way Home: C.S. Lewis and Mere Christianity,8.62,4.4
The Historian,7.54,4.4
Cell,7.28,4.3
Redeeming Love,8.98,4.1
The Metamorphosis,7.56,3.9
The Alchemist,7.64,3.7999999999999994
The Catcher in the Rye,7.579999999999999,2.1
A Million Little Pieces,7.239999999999999,1.3
